id,titulo,conteudo,link
1651,"Arquive, exclua ou restaure seus arquivos","Se você não precisa mais do seu arquivos enviados , você pode arquivá-los ou excluí-los para manter sua ferramenta de arquivos organizada. Se você excluiu acidentalmente um arquivo e tem arquivos permissões , você pode restaurar arquivos dentro 30 dias de ser excluído. Depois disso, os arquivos serão excluídos permanentemente. Arquive ou exclua seus arquivos Na sua conta HubSpot, acesse Biblioteca > Arquivos . Para excluir arquivos em massa, no painel de arquivos, selecione o caixas de seleção ao lado dos arquivos que você deseja excluir. Em seguida, no topo da tabela, clique em Excluir . Para arquivar ou excluir arquivos individuais: Clique no nome do arquivo. Na parte inferior do painel direito, clique em Mais . Para arquivar um arquivo, clique em Arquivo . Esses arquivos ainda estarão acessíveis no painel de arquivos quando filtrados para Arquivos arquivados . Para excluir um arquivo, clique em Mover para lixeira . Restaurar arquivos excluídos Você pode restaurar arquivos em até 30 dias após a exclusão. Para restaurar um arquivo excluído: Na sua conta HubSpot, acesse Biblioteca > Arquivos . No painel de arquivos, no canto superior direito, clique em Lixo de arquivos . Para visualizar e confirmar detalhes do arquivo, passe o mouse sobre o arquivo e clique Detalhes . Para restaurar arquivos individuais, passe o cursor do mouse sobre o arquivo e clique em Ações > Restaurar . Para restaurar arquivos em massa: Marque as caixas de seleção ao lado dos arquivos que deseja restaurar. Para selecionar todos os arquivos em uma página, marque a caixa de seleção na parte superior da tabela. Clique em Restaurar para retornar o arquivo ao gerenciador de arquivos. Pode levar até cinco minutos para que o arquivo seja restaurado para a URL do arquivo em resolução. Observação : Não é possível restaurar um arquivo excluído se houver um arquivo existente com o mesmo nome. Se dois arquivos com o mesmo nome e caminho forem excluídos, somente o arquivo excluído mais recentemente poderá ser restaurado. A versão mais antiga do arquivo não poderá ser restaurada ou visualizada, só poderá ser excluído permanentemente. Excluir permanentemente os arquivos Os arquivos serão permanentemente excluídos após 30 dias e não poderão ser restaurados. Para excluir permanentemente um arquivo manualmente: Na sua conta HubSpot, acesse Biblioteca > Arquivos . No painel de arquivos, no canto superior direito, clique em Lixo de arquivos . Para excluir permanentemente um arquivo individual, passe o cursor do mouse sobre o arquivo e clique em Ações > Excluir permanentemente . Para excluir permanentemente os arquivos em massa: Marque as caixas de seleção ao lado dos arquivos que deseja excluir. Para selecionar todos os arquivos em uma página, marque a caixa de seleção na parte superior da tabela. Clique em Excluir permanentemente . Files",https://knowledge.hubspot.com/pt/files/archive-delete-restore-files
1652,Set up a calling channel in the Conversations Inbox,"You can set up a calling channel in your conversations inbox to start a conversation thread that can be used alongside chat, email, and other shared channels. You can assign specific users and teams, and customize messages according to operating hours. For Sales Hub and Service Hub Professional and Enterprise users, inbound calls support simultaneous ringing for up to 100 users. You can only connect: Three calling channels for Professional accounts. Five calling channels for Enterprise accounts. Please note: if you're a super admin in your HubSpot account, you can opt your account into a beta feature you want to try out on the Product Updates page. Set up a calling channel To make and receive calls in your inbox, you need a HubSpot provided phone number . To configure your channel: In your HubSpot account, click the settings settings icon in the top navigation bar. In the left sidebar menu, under Tools , click Inbox > Inboxes . Click Connect a channel on the top right. Click Calling . To choose how to connect a phone number, you can either generate a new number or use an existing HubSpot number: Please note: if you select an existing number, all users assigned to that number will be removed. To generate a new number: Click Generate a new number . Use the Country and Area code / prefix dropdown menus to generate your number. HubSpot provided phone numbers are generated by the third-party service Twilio and must meet country specific regulations . Click Generate a number . Your new phone number will appear below. Click Get this number in the bottom right. Click Continue to setup . To use an existing number: Click Use an existing HubSpot number . Click a phone number from the table. Click Continue to setup in the bottom right. On the Routing and Configuration page, fill in the channel name . Under Channel operating hours , click + Add hours to configure the hours for your calling channel. Under Routing during operating hours , click the Specific users and teams dropdown menu, and click the checkboxes next to each user or team you want to route calls to during working hours. Learn how to set up working hours . Next, click Setup Voicemail . In the right panel, enter a message to create an audio version of your message. Click Save . Under Routing after hours , click Setup Voicemail to enter a message for calls unanswered after working hours. Click Save . Click Finish. Receiving calls in your calling channel Once your calling channel is configured, you can receive calls alongside other channels connected to your inbox. To learn about different features of the conversations inbox, and how to use them to manage communication with your contacts, click here . Please note: Your device ringing should be set to Ring in HubSpot to receive inbound calls in the HubSpot browser . Forwarding to your personal device isn't supported. After a user has been assigned to a number connected to a calling channel, they must visit the inbox at least once to be able to receive calls in that channel. The call window must remain open to receive inbound calls. To receive calls in your calling channel: In your HubSpot account, navigate to CRM > Inbox . In the top left, click to toggle the You're available switch on. If this switch is not turned on, you won't be able to receive inbound calls in your shared calling channel. Inbound calls will ring simultaneously for up to 100 available users assigned to a calling channel. Learn how to receive and manage inbound calls in the HubSpot browser. Once a user answers a call, it will stop ringing for all other users. In the call remote, click Take notes to be taken to the conversation thread of your calling channel. A new thread will appear in the calling channel inbox that is assigned to the user who answered the call. If the call isn't picked up, a new unassigned thread will be created and all users assigned to the calling channel will be notified. Click the Owner dropdown menu, to assign the owner of the missed call. Hold calls in your calling channel After you answer a call, you can place a caller on hold. You can also transfer the call to other users in the same calling channel who are currently available and have their calling tab open. To place the caller on hold, in the Call Remote dialog box, or on the Call tab page, click Hold . While on hold, callers will hear hold music. To take a caller off of hold, click Hold again. After putting the caller on hold, if you want to transfer a call, click Transfer and select the user you want to transfer the call to. When ready, the initiating rep can hang up the call. The transfer user can click Hold to take the caller off of hold and resume the conversation. Manage calling channels To edit, delete, or turn off a calling channel: In your HubSpot account, click the settings settings icon in the top navigation bar. In the left sidebar menu, under Tools , click Inbox > Inboxes . Hover over the channel, then do one of the following: To edit a channel, click Edit . You can manage routing and configuration , and edit your voicemails. Then, click Save . To delete a channel, click Delete . In the dialog box, type the phone number to confirm deletion. Then, click Delete connected channel . To turn off a channel, click to toggle the Status switch off. In the dialog box, click Turn off . Calling",https://knowledge.hubspot.com/calling/set-up-a-calling-channel-in-the-conversations-inbox
1653,Run an A/B test on your page,"A/B testing allows you to test two versions of a page at the same URL to see which one performs better. Half of your visitors will see one version of the page, while the other half will see the alternate version. You can compare each version's performance in the page's performance data , then select a winning variation . This will set the winning variation as the only live version of the page and revert the other variation to draft. Before you get started Learn more about how to run an A/B test from the HubSpot Marketing Blog. Decide what you want to test. HubSpot recommends testing one variable at a time to track clear cause and effect. Create a new page or choose an existing page to serve as the control version of your A/B test. Set up an A/B test You can run an A/B test on any published page. If your page is part of a multi-language group , you can run a test for each language variation. Navigate to your content: Website Pages : In your HubSpot account, navigate to Content > Website Pages . Landing Pages : In your HubSpot account, navigate to Content > Landing Pages . Click the name of your page. Click the File menu and select New > Run A/B test . Enter a name for each page variation, then click Create variation . In the content editor, update the content for your page variation. Consider testing the following variables: Offers: experiment with a different type of content offer . You could test an ebook versus a consultation or a video. Copy: experiment with the formatting and style of the content. You could test plain paragraphs versus bullet points or a longer block of text vs a shorter block of text. Image: experiment with a different image to see how the conversion rate is influenced. Form fields: experiment with the length of your form. You could test requesting only an email address versus asking for more information. Please note: both versions of the page will have the same live URL, but different preview URLs for testing To switch the page variation you're editing, click the test Test variation dropdown menu in the upper left and select a variation . To begin the test, click Publish in the upper right, then click Publish now in the dialog box. This will set both versions of your page live. Within the same session, visitors will be shown the same version of A/B tested content. Once a session ends, the version of content they are shown will be randomized for the next session. Review A/B test results After your visitors have started engaging with both page variations, you can review the test results. Navigate to your content: Website Pages : In your HubSpot account, navigate to Content > Website Pages . Landing Pages : In your HubSpot account, navigate to Content > Landing Pages . Click the name of the page with the A/B test. Click the Test results tab. Click the Date range and Frequency dropdown menus and select the timeframe of the results that you want to analyze. Click a column header in the table to sort the results by a specific metric. To choose a variation as the winner of the test, hover over the variation and click Choose as winner . The losing variation will no longer display. If you want to rerun an A/B test on a losing variant, hover over the variation and click Rerun this variation . Please note: if you rerun a variation from an A/B test, the variation will be published immediately. Landing Pages Website Pages",https://knowledge.hubspot.com/cos-pages-editor/how-do-i-delete-a-variation-in-an-a/b-test-page
1654,Examine o histórico de cobrança da sua assinatura do HubSpot,"Saiba mais sobre sua assinatura do HubSpot de dentro de sua conta. Revisar as principais alterações de cobrança, incluindo: Quando uma ordem tiver sido emitida. Quando uma fatura tiver sido emitida. Quando um pagamento tiver sido iniciado e processado ou tiver falhado. Quando um aviso de crédito tiver sido emitido. Quando uma restituição tiver sido emitida. Quando um marketing entra em contato com a atualização automática de categorias. O histórico de cobrança será listado quando um pedido for inicialmente feito, faturado e o pagamento for processado, bem como as alterações de contrato a médio prazo. Exibir histórico de cobrança Para revisar seu histórico de cobrança: No seu portal da HubSpot, clique no nome da conta no canto superior direito e, em seguida, em Conta e cobrança . Clique na guia Histórico de cobrança . Seu histórico de cobrança será listado. Observe: o histórico de cobrança inclui informações dos últimos quatro anos. Você pode revisar eventos de histórico de faturamento mais antigos na guia Transações . Use os filtros na parte superior da tela para refinar o que é exibido. Clique em Exibir ao lado de um evento para exibir os detalhes do evento em uma nova janela. Clique em Download para fazer o download do evento como um PDF. Tipos de evento Pedidos Ordem emitida: confirma uma ordem e exibe os itens incluídos nela. Faturas NFF emitida: NFFs emitidas para a ordem. Os itens podem ser divididos em mais de uma fatura (por exemplo, custos de plataforma e custos da Onboarding). Pagamentos Cada etapa de um pagamento (iniciada, processada, com falha) terá seu próprio evento. Iniciado: o pagamento foi iniciado, mas ainda não foi processado. Processado: o pagamento foi processado com êxito. Falha: falha no pagamento. Créditos Emitido: créditos emitidos, tais como créditos de alteração intermédia do contrato ou créditos de cancelamento antecipado. Os créditos gerados pelo administrador não serão exibidos. Restituições Processado: reembolso processado com êxito. Uso e limites Atualização de Categoria: uma atualização automática de categoria para contatos de marketing ocorreu. Saiba mais sobre como gerenciar sua assinatura do HubSpot . billing",https://knowledge.hubspot.com/pt/account/review-billing-history-for-your-hubspot-subscription
1655,Gerenciar o horário fora do expediente do usuário na caixa de entrada e no help desk,"Os superadministradores e usuários individuais podem definir a disponibilidade fora do escritório com base no fuso horário de um usuário. Quando um usuário está fora do escritório, sua disponibilidade é alterada para Ausente e ele não será elegível para atribuição automática nas caixas de entrada ou no help desk. Os usuários podem alterar manualmente seu status de disponibilidade na página de registro do usuário, na caixa de entrada ou no help desk. Quando um usuário altera manualmente o seu status, este será refletido em todas as experiências. Definir o horário fora do escritório para um usuário Para definir o horário fora do escritório para um usuário: Na sua conta HubSpot, clique no ícone de configurações settings icon na barra de navegação superior. No menu da barra lateral esquerda, acesse Usuários e equipes . Na tabela de usuários, clique em um registro de usuário . Clique na guia Preferências . No menu da barra lateral esquerda, clique em Horário de trabalho . Clique no menu suspenso Fuso horário para selecionar o fuso horário correto do usuário. Em seguida, clique em Salvar . Em Fora do escritório , clique em + Adicionar datas . Para definir um período de tempo em que você estará fora do escritório, clique nos campos do seletor de datas e selecione as datas . Utilize os menus suspensos para selecionar as horas de início e término. Para remover datas, clique no ícone delete Excluir . Clique em Salvar . Na parte superior do registro do usuário, o status de disponibilidade do usuário e o horário de trabalho do dia refletirão a data de início e término do período fora do escritório do usuário. Para alterar manualmente o status de disponibilidade, clique no menu suspenso Status do usuário e clique em Disponível ou Ausente . Para editar o horário de trabalho, clique em Editar horas de trabalho . Gerenciar status de disponibilidade de caixas de entrada ou help desk No início da ausência do usuário, seu status de disponibilidade é definido automaticamente como Ausente. No final da ausência do usuário, seu status de disponibilidade é automaticamente definido como Disponível .  Os usuários podem alterar manualmente seu status de disponibilidade antes do final do período de ausência do escritório para refletir quando estão Disponível .  Isso solicitará que o usuário confirme se deseja encerrar o bloqueio de ausência do escritório mais cedo ou continuar definido como Ausente . Para alterar manualmente seu status de disponibilidade, navegue até um dos seguintes: Registro do usuário: Na sua conta HubSpot, clique no ícone de configurações settings icon na barra de navegação superior. No menu da barra lateral esquerda, navegue até Usuários e equipes . Na tabela de usuários, clique em um usuário registro. Na parte superior do registro do usuário, clique em Status do usuário menu suspenso e clique em Disponível ou Ausente . Na caixa de diálogo, clique em Sim, me defini como disponível . Caixa de entrada: Na sua conta HubSpot, acesse CRM > Caixa de entrada . No canto superior esquerdo, alterne o trocar ligado ou desligado para alterar seu status de disponibilidade. Na caixa de diálogo, clique em Sim, me defini como disponível . Central de Ajuda: Na sua conta HubSpot, acesse Espaços de trabalho > Help Desk . No canto inferior esquerdo, alterne o trocar ligado ou desligado para alterar seu status de disponibilidade. Na caixa de diálogo, clique em Sim, me defini como disponível . Sincronizar eventos do calendário de ausência temporária com HubSpot Se você estiver usando a sincronização de calendário do HubSpot com o Google ou o Calendário do Outlook , você poderá sincronizar automaticamente eventos fora do escritório entre seu calendário e o HubSpot. Para sincronizar eventos de ausência temporária entre o HubSpot e seu calendário do Google ou do Outlook: Na sua conta HubSpot, clique no ícone de configurações settings icon na barra de navegação superior. No menu da barra lateral esquerda, acesse Usuários e equipes . Na tabela de usuários, clique em um registro de usuário . Clique na guia Preferências . Em seguida, no menu da barra lateral esquerda, clique em Horas de trabalho. Na seção Ausência Temporária , marque a caixa de seleção Sincronizar a ausência temporária com o seu calendário. Quando esta configuração estiver habilitada, qualquer bloco recém-criado ou editado fora do escritório no calendário do usuário será sincronizado automaticamente com o HubSpot e vice-versa. Essa configuração também será usada para determinar a disponibilidade do usuário para atribuição automática. Inbox Help Desk Manage availability status from inboxes or Help Desk At the beginning of a user's out of office, their availability status is automatically set to Away. At the end of a user's out of office, their availability status is automatically set to Available . Users can manually change their availability status before the end of their out of office period to reflect when they are Available . Doing so will prompt the user to confirm if they want to end their out of office block early or continue to be set as Away . To manually change your availability status, navigate to one of the following: User record: Na sua conta HubSpot, clique no ícone de configurações settings icon na barra de navegação superior. In the left sidebar menu, navigate to Users & Teams . In the user table, click a user record. At the top of the user record, click the User status dropdown menu, then click Available or Away . In the dialog box, click Yes, set myself as available . Inbox: In the top-left corner, toggle the switch on or off to change your availability status. In the dialog box, click Yes, set myself as available . Help Desk: Na sua conta HubSpot, acesse Espaços de trabalho > Help Desk . In the bottom-left corner, toggle the switch on or off to change your availability status. In the dialog box, click Yes, set myself as available .",https://knowledge.hubspot.com/pt/help-desk/manage-user-out-of-office-hours-for-inbox-and-help-desk
1656,Report on performance,"In HubSpot, you have many ways to report on your marketing, sales, and service efforts. Learn how to set up your account for successful reporting, use HubSpot’s report library, create custom reports, map customer journeys, and build report dashboards. Many of HubSpot’s tools also include tool-specific analytics, such as email performance and workflow enrollments. You can share your dashboards and reports via email and Slack or export them from HubSpot. Below is an overview of the ways that you can measure your performance in HubSpot. Within each section, you’ll find links to detailed instructions for each task. Before getting started, make sure you’re logged in to your account. Learn more about logging in to HubSpot . For in-depth video training, check out the HubSpot Reporting Certification or Building Custom Reports in the HubSpot Academy. Use standard reports All HubSpot accounts include standard reports to help you get started measuring the success of your business. Browse the report library to find a pre-built report that suits your needs. Depending on your HubSpot subscription, you can also use analytics tools to view both high level and in-depth metrics about your website, sales activities, service activities, and more. For example, you can use standard reports to calculate the number of deals created by website traffic or the number of new contact conversions from ads. Reports can be shared to your users via email or Slack, either on a recurring basis or as a once-off. Use pre-built reports from the reports library Share and export your reports Create sales reports with the sales analytics tool ( Sales Hub Professional and Enterprise ) Create service reports with the service analytics tool ( Service Hub Professional and Enterprise ) Analyze your site traffic with the traffic analytics tool ( Marketing Hub and Content Hub Professional and Enterprise only) Analyze contacts with the contact analytics tool ( Marketing Hub Professional and Enterprise ) Create custom reports Use the reports tool to build custom reports for single or multiple objects, create funnel reports, map customer interactions with journey analytics, and report on attribution. With the advanced custom report builder, you can create reports using data sources from across your account, including custom objects. For example, you can create a custom report to calculate the number of customers that are subscribed to your business’s subscription tiers. Create custom reports ( Professional and Enterprise only) Understand the custom report builder ( Professional and Enterprise only) Create custom funnel reports ( Professional and Enterprise only) Create a report with journey analytics ( Marketing Hub and Sales Hub Enterprise only) Create attribution reports ( Marketing Hub and Content Hub Professional and Enterprise only) Academy lesson: Building Custom Reports in HubSpot Create and manage dashboards Use dashboards to group custom and standard reports together. Dashboards can be created for different teams in the account based on the information they need. For example, you can create web and email performance dashboards for your marketing team, and sales productivity dashboards for the sales team. They can be customized using properties or custom properties. You can also embed external content on a dashboard to pull in data from outside of HubSpot. Dashboards can be scheduled to send to your users on a recurring basis or you can share them via email or Slack. Create and manage your dashboards Customize your dashboards Use dashboard filters Share and export your dashboards Embed external content on a dashboard ( Professional and Enterprise only) Academy lesson: Designing Compelling HubSpot Dashboard s Measure performance of individual tools Many HubSpot tools enable you to analyze overall and individual asset data. For example, in the email tool you can view the combined metrics of all marketing email campaigns and also view metrics for individual emails. Use this type of reporting to understand both high-level impact and how individual assets are performing. Analyze your marketing email campaign performance Analyze forms submissions Analyze your customer feedback ( Service Hub Professional and Enterprise only) Analyze social reports ( Marketing Hub Professional and Enterprise only) Analyze help desk activities (BETA) ( Service Hub Professional and Enterprise ) Set up website tracking and sales forecasts While many HubSpot reports are ready to use out of the box, some types of reporting require set up or activation to start gathering data. If you have non-HubSpot pages on your website, install the tracking code to gather data from those pages. If you have websites across multiple domains, set up cross-domain site tracking and create separate analytics views. To forecast revenue across your sales team, set up pipeline categories and sales revenue goals. Install the HubSpot tracking code Set up sources tracking Create custom analytics views ( Marketing Hub and Content Hub Professional and Enterprise only) Set up the forecast tool ( Sales Hub and Service Hub Professional and Enterprise only) Join the HubSpot Community To engage with other users and get more out of your HubSpot tools, join the HubSpot Community. You can see examples from peers, get tips and advice from experts, learn how to troubleshoot common issues, and submit feedback to the Product team. Getting Started With the HubSpot Community Create your Community user account Introduce yourself on the Community welcome forum Get the latest updates from the Community newsletter",https://knowledge.hubspot.com/get-started/report-on-performance
1657,Melhore a previsão com projeções de IA (BETA),"No HubSpot, você pode usar o Breeze, a IA do HubSpot, para projetar vendas futuras com base em negócios fechados nos últimos três meses. A previsão do Breeze fornece uma perspectiva adicional que você pode usar para calibrar uma previsão precisa para sua equipe. Essas informações ajudam a fornecer uma visão geral de toda a organização, de modo que todos os negócios são considerados nessas tabelas. Observe: esse recurso está em BETA, aprenda como opte pela inclusão da sua conta na versão beta . Configurar previsão de IA Para configurar a previsão do Breeze ou cancelar, você deve ser um superadministrador . Para configurar a previsão do Breeze: Na sua conta da HubSpot, navegue até Relatórios > Previsão . Clique no Analisar aba. Clique Ativar previsão de IA . Então, clique Sim, ativar previsão de IA para confirmar que você gostaria de ativar o recurso. Depois de optar pelo recurso, há um período de espera de 24 horas ou mais enquanto os dados são coletados para fazer previsões mais precisas. Se você quiser cancelar a previsão do Breeze: Na sua conta HubSpot, clique no ícone de configurações settings icon na barra de navegação superior. No menu da barra lateral esquerda, navegue até Objetos > Previsão . No Previsão de IA seção clique Desativar a previsão de IA . Use a previsão de IA Na sua conta da HubSpot, navegue até Relatórios > Previsão . Clique no Analisar aba. Use o menus suspensos no topo para filtrar por gasoduto . No Visão geral para todas as equipes tabela na parte superior, você pode visualizar o seguinte: Valor ponderado do pipeline : o total Quantia multiplicado por Probabilidade de negócio de todos os negócios, incluindo Fechado ganhou negócios. Observe: a propriedade do estágio do negócio e o valor do negócio configurado para sua conta são usados para calcular o valor do ganho fechado. Fechado Ganhou : o valor total de negócios fechados e ganhos. Envio de previsão : o soma dos envios de previsões para todas as equipes. Esta métrica só será visível para contas em um cadência mensal . O Previsão de IA mesa no topo usos Fechado ganhou dados de negociação. Especificamente, a data em que um negócio é movido para a fase de negócio Fechado ganhou e o valor do negócio. A previsão da IA é fornecida como um intervalo, com o ponto médio do intervalo sendo onde você tem maior probabilidade de pousar. Na tabela, você pode visualizar o seguinte: Provavelmente : o ponto médio do alcance e onde o modelo projeta que você tem mais probabilidade de pousar. Superior : o limite superior do intervalo dentro do qual você deve pousar. Mais baixo : o limite inferior do intervalo dentro do qual você está projetado para pousar. Cada projeção é criada usando Fechado ganhou dados de negociação. A precisão da projeção depende da precisão dos seus dados. Você pode ajudar a melhorar a precisão da projeção garantindo que os dados do negócio estejam corretos e atualizados. Observe: As projeções são estimativas e não são garantidas. Projeções e porcentagens de precisão devem apenas fornecer perspectiva e não ser usadas exclusivamente para tomar decisões comerciais. No Precisão da previsão ao longo do tempo Na tabela abaixo, você pode comparar o total de ganhos fechados com as projeções da IA. Uma previsão atualizada da IA é fornecida nos dias 1, 7, 14, 21 e 28 de cada mês. Observe: para ter acesso ao Precisão da previsão ao longo do tempo tabela, sua conta deve: Participe do beta público do AI Forecasting. Aprenda como participar de um beta público . Opte pela previsão de IA em Analisar guia da ferramenta Previsão. Atenda aos critérios para usar a previsão de IA. Se sua conta não atender aos critérios, você verá uma mensagem no Analisar aba explicando o porquê. Tenha uma cadência de previsão definido para mensal nas suas configurações de previsão. Você pode visualizar a porcentagem de precisão de cada previsão de IA, incluindo: Fechado ganhou : a soma dos valores para todos os negócios com o estágio do negócio definido como Fechado ganhou . Envio de previsão : a previsão média enviada para o mês. Se uma submissão de equipe estiver disponível, ela será usada no cálculo. Caso contrário, a soma das médias de envio dos representantes será usada. Em seguida, a soma é comparada com a soma total Quantia de negócios Fechado ganhou cada mês. Média de previsão de IA : as precisões médias das previsões para cada projeção diária. Projeção de 1 dia: a projeção da IA fornecida no dia 1 do mês. Projeção de 7 dias: a projeção da IA fornecida no dia 7 do mês. Projeção de 14 dias: a projeção da IA fornecida no dia 14 do mês. Projeção de 21 dias: a projeção da IA fornecida no dia 21 do mês. Projeção de 28 dias: a projeção da IA fornecida no dia 28 do mês. A precisão da previsão para cada projeção diária é medida pelo cálculo do valor absoluto diferença percentual entre os números de vendas previstos e reais. A precisão média de um mês é medida calculando as precisões médias das previsões das cinco projeções fornecidas em um mês (ou seja, projeções de 1 dia, 7 dias, 14 dias, 21 dias e 28 dias). A precisão da previsão é calculada usando as seguintes equações: Máx = (0, 1 - porcentagem de erro de previsão). Porcentagem de erro de previsão = (|Real - Previsão| / Real) x 100. Quando o erro de previsão for maior que 1, a precisão será sempre 0. A precisão da previsão depende de seus dados serem precisos, corretos e atualizados. Saiba mais sobre como use a previsão também eu . Goals Forecast",https://knowledge.hubspot.com/pt/forecast/improve-forecasting-with-ai-projections
1658,Revise e filtre mensagens SMS com base no conteúdo de IA,"Se você usou Assistente de IA da HubSpot para ajudá-lo a elaborar seu Mensagens SMS , você pode filtrar quais mensagens foram geradas ou co-criadas com IA na página inicial do SMS. Definições de filtro AI Ao redigir uma mensagem SMS, você pode usar o assistente de IA da HubSpot para gerar conteúdo para sua mensagem. Existem dois filtros disponíveis para ajudá-lo a revisar quais mensagens foram criadas usando uma das ferramentas assistentes de IA da HubSpot: Gerado por IA: o conteúdo da sua mensagem foi totalmente gerado pela IA sem quaisquer edições adicionais feitas por um usuário na sua conta. Co-criado pela IA: o conteúdo da sua mensagem foi gerado inicialmente pela IA, mas posteriormente editado por um usuário da sua conta. Inclua filtros de IA na sua página inicial de SMS Para incluir um dos filtros relacionados à IA na página inicial do SMS: Na sua conta HubSpot, acesse Marketing > SMS . No canto superior direito da tabela de mensagens SMS, clique no botão Ações menu suspenso e selecione Editar colunas . À esquerda, marque as caixas de seleção ao lado do Gerado por IA ou Co-criado pela IA para que as propriedades apareçam na tabela. À direita, use a alça de arrastar para arrastar e soltar propriedades para reordenar as colunas. Você também pode clicar no x ao lado de uma propriedade para removê-la. Clique em Aplicar . Crie uma visualização personalizada para filtrar mensagens SMS criadas usando IA Por padrão, uma visualização AI está disponível no topo da tabela de suas mensagens SMS. Clique no Visualização de IA para visualizar mensagens que foram geradas ou co-criadas usando IA. Você também pode criar uma visualização personalizada que inclua um dos filtros relacionados à IA: Na sua conta HubSpot, acesse Marketing > SMS . No canto superior direito, clique em Adicionar visualização , então clique Criar nova visualização . Na caixa de diálogo, insira um nome para sua nova visualização e especifique se a visualização deve ser privada ou compartilhada com outras pessoas em sua conta. Clique em Salvar . Depois de criar a visualização, clique em Filtros avançados Sobre a mesa. No painel direito, clique em Adicionar filtro e selecione IA gerada ou cocriada . Termine de configurar seu filtro e clique em Aplicar filtro . SMS BETA",https://knowledge.hubspot.com/pt/sms/review-and-filter-sms-messages-based-on-ai-content
1659,Create and customize lifecycle stages,"Lifecycle stages categorize your contacts and companies while providing context about where they are in your sales and marketing processes . If your business processes involve categories beyond the default lifecycle stages , users with super admin permissions can create custom lifecycle stages. If you previously created a custom property to keep track of your unique lifecycle stages, learn how to migrate from using the custom property to the lifecycle stage property. Customize lifecycle stages To create and edit lifecycle stages for contacts and companies: In your HubSpot account, click the settings settings icon in the top navigation bar. In the left sidebar menu, navigate to Objects , then select Contacts. Click the Lifecycle Stage tab. To create a new lifecycle stage, click add Add stage. In the right panel, enter a name for the stage, then click Create lifecycle stage to confirm. Your custom stage will now appear as an option when editing a contact’s or company's Lifecycle stage property and calculated properties will be automatically created for the stage. To rearrange the stages, click the dragHandle handle and drag a stage to a new location. To edit a lifecycle stage or view its internal value, hover over the stage and click Edit . In the right panel: Edit the Stage name , then click Edit lifecycle stage to confirm. Click the code cod code icon to view the stage's internal ID, which is used by lifecycle stage calculated properties, integrations, and APIs. To delete a stage, hover over the stage and click Delete . If the stage you’re trying to delete contains records or is used in other HubSpot tools, you'll need to move the records to a new stage and/or remove the stage as a reference in the HubSpot tools. You cannot delete a stage if it's used as a default for connected apps. To view where a specific lifecycle stage is being used, in the Used in column, click the number . In the right panel, click View all [object/tool] to navigate to the records or tools (e.g., lists, reports, saved view) where the stage is used. Once you’re done, click Save in the bottom left. Use lifecycle stages Once you've set up lifecycle stages to fit your business' needs, you can: Update a record's lifecycle stage. Turn on settings to automatically set lifecycle stages for new records and based on associations (e.g., set a contact's lifecycle stage based on the associated company's stage). Segment contacts and companies based on their Lifecycle stage value in saved views , l ists , w orkflows , ads, chatflows, and reports, including both standard and custom reports . Sync custom stage data via HubSpot data sync. Learn more about using lifecycle stages . Move from a custom property to the lifecycle stage property If you've been using a custom property to track lifecycle stages, it is recommended to migrate back to using the default Lifecycle stage property . To move back to using the default property: Set up custom lifecycle stages for the default Lifecycle stage property. Set values for your records' Lifecycle stage property using the custom stages. You can set the property in bulk in any of the following ways: edit from the contact or company index page , export then re-import the records with a column for the Lifecycle stage property, or use the Set a property action in a workflow ( Professional and Enterprise only). Clear values from the custom property you were previously using to track stages. You can clear the property values in bulk in any of the following ways: edit from the contact or company index page , export then re-import the records with a blank column for your custom property, or use the Clear a property action in a workflow (Professional and Enterprise only). Delete the custom property that you were previously using. Once you've migrated to using the default Lifecycle stage property, you can customize automation for setting lifecycle stages and use the property in other HubSpot tools. properties CRM records Object Settings",https://knowledge.hubspot.com/object-settings/create-and-customize-lifecycle-stages
1660,Usar como ferramentas com o complemento HubSpot Sales Outlook desktop,"Acesse as ferramentas de vendas do HubSpot diretamente em sua caixa de entrada ao redigir e-mails com o suplemento para desktop HubSpot Sales Outlook instalado. Este artigo mostra como usar as seguintes ferramentas de vendas do HubSpot com os complementos: Snippets Modelos Documentos Reuniões Sequências ( Sales hub ou Service hub Profissional ) Se você estiver usando o suplemento do Office 365, saiba como usar as ferramentas de vendas HubSpot em sua caixa de entrada neste guia: Use ferramentas de vendas com o suplemento HubSpot Sales Office 365 . Observe: devido às mudanças significativas introduzidas pela Microsoft como parte do novo Outlook para Windows , HubSpot não irá mais desenvolver ou melhorar ativamente o HubSpot Sales Outlook desktop add-in . Embora o suplemento para desktop HubSpot Sales Outlook ainda esteja disponível no antigo Outlook para Windows e continue a ter suporte, é altamente recomendável que você ative o suplemento Web HubSpot Sales . Se você estiver usando o suplemento da área de trabalho do Outlook, o suplemento Web HubSpot Sales será instalado automaticamente se você alternar para o novo Outlook para Windows. Saiba mais nesta Comunidade hubspot . Requisitos Você deve ter um calendário conectado para usar a ferramenta reuniões no Outlook. Para usar sequências com o suplemento da área de trabalho do Outlook, uma caixa de entrada conectada é necessária. Snippets Para inserir trechos em seus e-mails usando o suplemento da área de trabalho do Outlook: Escreva um novo e-mail no Outlook e adicione um destinatário. Na faixa de opções da mensagem, clique em Ferramentas de vendas > Snippets , em seguida, selecione snippet . Clique em Gerenciar snippets para acessar o painel de snippets em sua conta da HubSpot. Ou clique com o botão direito do mouse no corpo do seu e-mail e selecione Snippets , e em seguida, selecione o snippet que deseja inserir. Modelos Para inserir um modelo usando o complemento do Outlook desktop: Redija um novo e-mail e adicione um destinatário. Na faixa de opções de mensagem, clique em Ferramentas de vendas > Modelos . Na parte superior da caixa de diálogo, use a barra de pesquisa para procurar um modelo pelo nome ou clique no menu suspenso ao lado da barra de pesquisa para filtrar seus modelos por Todos , Criado pela minha equipe , Criado por mim e Recentes . A coluna Usado pela última vez em é específica do usuário, portanto, mostrará os modelos enviados pela última vez pelo usuário que está visualizando o modal. Você pode classificar seus modelos por Usado pela última vez em ou pela coluna Criado em . Passe o cursor do mouse sobre o modelo que deseja usar e clique em Selecionar . Documentos Para inserir um documento usando o complemento do Outlook desktop: Redija um novo e-mail e adicione um destinatário. Na faixa de opções de mensagem, clique em Ferramentas de vendas > Documentos . Na caixa de diálogo, pesquise um documento por nome ou clique no menu suspenso ao lado da barra de pesquisa para filtrar seus documentos por Todos , Criado por minha equipe , Criado por mim e Recentes . A coluna Última utilização em é específica do usuário, portanto mostrará os documentos que foram usados pela última vez pelo usuário que está visualizando o modal. Você pode classificar seus documentos por Usado pela última vez em ou pela coluna Criado em . Marque a caixa de seleção Exigir um endereço de e-mail de todos os outros visualizadores se quiser coletar um endereço de e-mail de qualquer outra pessoa além do destinatário original que exibe o documento. Passe o cursor do mouse sobre o documento que deseja usar e clique em Selecionar . Um link para o documento será inserido no seu e-mail. Reuniões Para inserir um link de reunião usando o complemento de desktop do Outlook para que um contato possa acessar sua página de agendamento : Escreva um novo e-mail no Outlook e adicione um destinatário. Na faixa de opções da mensagem, clique em Ferramentas de vendas > Reuniões , em seguida, selecione uma das páginas de agendamento . Clique em Gerenciar links para acessar seu painel de reuniões no HubSpot. Você também pode inserir horários propostos diretamente no email para que seus contatos possam selecionar um horário disponível diretamente no email. Como alternativa, você pode clicar com o botão direito do mouse no corpo de seu e-mail e selecionar Reuniões e, em seguida, selecionar a página de agendamento que deseja inserir. O nome da reunião será exibida no seu e-mail. Ele será um hiperlink de modo que, quando um prospect clicar nele, será encaminhado à sua página de agendamento. Sequências (somente para Sales Hub ou Service Hub Professional ou Enterprise ) Para inscrever um contato em uma sequência usando o complemento do Outlook desktop: Redija um novo e-mail e adicione um destinatário. Na faixa de opções de mensagem, clique em Ferramentas de vendas > Sequências . Na caixa de diálogo, use a barra de pesquisa para procurar uma sequência pelo nome ou clique no menu suspenso ao lado da barra de pesquisa para filtrar suas sequências por Tudo , Criado pela minha equipe , Criado por mim e Recentes . A coluna Última utilização em é específica do usuário, portanto mostrará as sequências que foram enviadas pela última vez pelo usuário que está visualizando o modal. Você pode classificar suas sequências por Usado pela última vez em ou pela coluna Criado em . Passe o cursor do mouse sobre a sequência na qual deseja inscrever seu contato e clique em Selecionar . Na próxima caixa de diálogo, edite o conteúdo e as configurações da sequência . Clique no menu suspenso Iniciar e selecione a primeira etapa da sequência. Especifique a hora de início do primeiro envio de e-mail e clique no menu suspenso Configurações avançadas para especificar quando cada e-mail subsequente na sequências deve ser enviado. Clique em Iniciar sequência para inscrever o contato. One-to-one Email",https://knowledge.hubspot.com/pt/one-to-one-email/use-sales-tools-with-the-hubspot-sales-outlook-desktop-add-in
1661,Run an A/B test on your page,"A/B testing allows you to test two versions of a page at the same URL to see which one performs better. Half of your visitors will see one version of the page, while the other half will see the alternate version. You can compare each version's performance in the page's performance data , then select a winning variation . This will set the winning variation as the only live version of the page and revert the other variation to draft. Before you get started Learn more about how to run an A/B test from the HubSpot Marketing Blog. Decide what you want to test. HubSpot recommends testing one variable at a time to track clear cause and effect. Create a new page or choose an existing page to serve as the control version of your A/B test. Set up an A/B test You can run an A/B test on any published page. If your page is part of a multi-language group , you can run a test for each language variation. Navigate to your content: Website Pages : In your HubSpot account, navigate to Content > Website Pages . Landing Pages : In your HubSpot account, navigate to Content > Landing Pages . Click the name of your page. Click the File menu and select New > Run A/B test . Enter a name for each page variation, then click Create variation . In the content editor, update the content for your page variation. Consider testing the following variables: Offers: experiment with a different type of content offer . You could test an ebook versus a consultation or a video. Copy: experiment with the formatting and style of the content. You could test plain paragraphs versus bullet points or a longer block of text vs a shorter block of text. Image: experiment with a different image to see how the conversion rate is influenced. Form fields: experiment with the length of your form. You could test requesting only an email address versus asking for more information. Please note: both versions of the page will have the same live URL, but different preview URLs for testing To switch the page variation you're editing, click the test Test variation dropdown menu in the upper left and select a variation . To begin the test, click Publish in the upper right, then click Publish now in the dialog box. This will set both versions of your page live. Within the same session, visitors will be shown the same version of A/B tested content. Once a session ends, the version of content they are shown will be randomized for the next session. Review A/B test results After your visitors have started engaging with both page variations, you can review the test results. Navigate to your content: Website Pages : In your HubSpot account, navigate to Content > Website Pages . Landing Pages : In your HubSpot account, navigate to Content > Landing Pages . Click the name of the page with the A/B test. Click the Test results tab. Click the Date range and Frequency dropdown menus and select the timeframe of the results that you want to analyze. Click a column header in the table to sort the results by a specific metric. To choose a variation as the winner of the test, hover over the variation and click Choose as winner . The losing variation will no longer display. If you want to rerun an A/B test on a losing variant, hover over the variation and click Rerun this variation . Please note: if you rerun a variation from an A/B test, the variation will be published immediately. Landing Pages Website Pages",https://knowledge.hubspot.com/website-pages/run-an-a-b-test-on-your-page
1662,Adicionar conteúdo entre campos de formulário,"Saiba como personalizar o layout e a estrutura de seus formulários . Você pode adicionar conteúdo e personalizar a ordem dos campos de formulário. Adicionar conteúdo entre campos de formulário Você pode adicionar texto, links e imagens entre campos no formulário HubSpot inserindo um elemento de área rich text. Na sua conta HubSpot, acesse Marketing > Formulários . Passe o mouse sobre o formulário e clique em Editar ou crie um novo formulário . Se você estiver usando o editor de formulários atualizado : Na parte superior esquerda, clique no + ícone adicionar . No painel esquerdo, clique em Outro . Clique e arraste o tipo de campo Parágrafo (RichText) para a visualização de formulário à direita para incluí-lo no formulário. No painel esquerdo, clique em Editar na exibição expandida : Use a barra de ferramentas para personalizar o conteúdo, formatando o texto ou adicionando links e imagens. Quando terminar, clique em Voltar para o formulário . No canto superior direito, clique em Revisar e atualizar para publicar as atualizações do formulário. Se você estiver usando um formulário herdado: Clique na guia Criar nova no painel esquerdo. Na guia Criar novo do painel esquerdo, clique e arraste o elemento Parágrafo (RichText) entre os campos de formulário desejados. No painel direito, clique no elemento área Rich text . No painel esquerdo, edite o texto: Use a barra de ferramentas para personalizar o conteúdo, formatando o texto ou adicionando links e imagens. Para vincular ou desvincular o rich text de campos existentes, clique em Desanexar rich text do campo de entrada . No canto superior direito, clique em Atualizar para publicar suas atualizações de formulário. Alterar a ordem de opções em um campo de formulário Se você estiver usando um campo de formulário com várias opções, como uma propriedade de seleção suspensa, poderá reordenar as opções. Saiba mais sobre as opções disponíveis . Na sua conta HubSpot, acesse Marketing > Formulários . Passe o mouse sobre o formulário e clique em Editar , ou crie um novo formulário. No painel direito, clique no campo para alterar a ordem de suas opções. No painel esquerdo, na seção Opções de campo , clique no dragHandle linhas pontilhadas à esquerda de uma opção de campo, clique e arraste a opção para a posição desejada. Para classificar as opções em ordem alfabética, clique em sortAlpAsc Classificar . No canto superior direito, clique em Revisar e atualizar para publicar as atualizações do formulário. Organize campos de formulário lado a lado Você pode colocar um lado máximo de três campos lado a lado em um formulário. Na sua conta HubSpot, acesse Marketing > Formulários . Passe o mouse sobre o formulário e clique em Editar ou crie um novo formulário . Se você estiver usando o editor de formulários atualizado , clique e arraste o campo de formulário para ver as opções de posicionamento. Se você estiver usando o editor de formulários herdados , clique e mantenha pressionadas as linhas pontilhadas à esquerda de um campo para ver as opções de posicionamento. Para colocá-lo próximo a um campo em uma linha, arraste-o para um dos espaços disponíveis nessa linha. No canto superior direito, clique em Revisar e atualizar para publicar as atualizações do formulário. Observe : os campos progressivos ( Marketing hub ProfissionalPrivado ou EnterpriseOnly) não podem ser aplicados a um campo de formulário individual em uma linha. Quando você torna um campo individual progressivo, todos os outros campos na mesma linha se tornam progressivos automaticamente. Forms",https://knowledge.hubspot.com/pt/forms/arrange-form-fields-side-by-side
1663,Usar o painel de velocidade do site,"Com o painel de controle de velocidade do site, você pode usar dados reais do usuário para avaliar o desempenho do seu site para visitantes em relação às principais métricas de Web Vitals. Você pode então usar esses dados para otimizar os tempos de carregamento e melhorar as experiências de usuário. Analisar o desempenho do domínio ou da página Na sua conta HubSpot, clique no nome da sua conta no canto superior direito. Na seção Conta , localize a ID da conta abaixo do nome da conta. Navegue até app.hubspot.com/site-speed/[id-da-conta] e substitua [ id-da-conta] pelo ID da sua conta. Para analisar um domínio: Clique no menu suspenso Selecionar um domínio na parte superior da página e selecione um domínio . Clique em Analisar . Para analisar uma página individual: Selecione Pesquisar URL na parte superior da página. No campo de texto, informe um URL e clique em Analisar . Para definir o intervalo de datas: Clique no primeiro selecionador de data na parte superior da página. Selecione um intervalo de dias corridos , como Hoje ou Nos últimos 30 dias. Se você tiver selecionado uma data de início personalizada, clique no segundo selecionador de data e selecione uma data de término personalizada . Compreender os relatórios de velocidade do site No painel de controle de velocidade do site, você verá os seguintes relatórios: Desempenho Geral: este relatório analisa o desempenho geral da página ou do domínio. Core Web Vitals Trends: este relatório rastreia Web vitals principais - as diferentes métricas principais que medem a velocidade do site. Recomenda-se apontar para bons vitais web núcleo em 75% das visitas. Sessões por país: este relatório rastreia os seus web vitals principais por país associado ao endereço IP do visitante. Sessões por tipo de dispositivo: este relatório controla a porcentagem de visitas ao site que estão ocorrendo em dispositivos diferentes. Maior Pintura de Conteúdo: este relatório mede o tempo que leva para o maior elemento da página ser renderizado. Para as melhores experiências de usuário, esse elemento deve aparecer dentro de 2,5 segundos da página começando a carregar para 75% das visitas à página. Primeira Pintura com Conteúdo: este relatório FCP controla quanto tempo leva para a conclusão do remetente da página inicial. Ajuda a calcular as impressões visuais iniciais dos consumidores. Tempo até o Primeiro Byte: este relatório mede o tempo que o browser de um usuário leva para receber o primeiro byte de uma resposta do servidor após fazer uma solicitação. Interação com a Próxima Pintura: este relatório mede quanto tempo leva para o site reagir à primeira coisa que uma pessoa faz - por exemplo, clicar em um botão. Deslocamento de Layout Cumulativo: este relatório mede a estabilidade do elemento de página da Web. Por exemplo, os botões que mudam de posição antes que os usuários possam clicar neles contribuiriam para uma pontuação CLS ruim. Desempenho da Página: este relatório mostra vitais da Web principais de páginas individuais. Estratégia de Renderização: este relatório mede até que ponto suas visitas à página são pré-renderizadas. As páginas pré-renderizadas são versões estáticas de páginas que são armazenadas localmente para melhorar a velocidade de carregamento. Saiba mais sobre renderização na documentação do desenvolvedor do HubSpot. Você pode clicar em relatórios individuais para saber mais sobre o desempenho de ativos e páginas individuais.",https://knowledge.hubspot.com/pt/seo/use-the-site-speed-dashboard
1664,Validar uma URL externa na ferramenta de SEO,"Ao Anexar uma página externa a um tópico ou subtópico, a ferramenta de SEO validará automaticamente o URL para rastrear os links internos e de entrada. Esse processo deve terminar em até 20 segundos. Se o URL externo não for validado dentro desse período, poderá ser necessário tomar medidas adicionais com base na mensagem de estado da validação. Poderá receber uma destas respostas de erro ao validar um URL externo na ferramenta de SEO: Não verificado: há um problema temporário rastreando sua página externa. Volte novamente dentro de cinco minutos para ver se esse erro foi resolvido. Status HTTP inválido: URL externa retornou uma resposta de erro, geralmente um erro 404. Para resolver o problema, verifique o provedor de DNS e o sistema de gerenciamento de conteúdo (CMS) em que sua página externa está hospedada. Erro de validação: a ferramenta não pode rastrear a URL externa. Esse erro geralmente é resolvido removendo e adicionando a URL de página externa novamente ao tópico. Se continuar a ver este erro, contacte o Suporte da HubSpot . Erro SSL: há um problema com o certificado SSL para seu site. Para resolver este problema, verifique com o seu provedor de certificado SSL. Bloqueado por 403: segurança ou autenticação adicional está a impedir que a ferramenta de SEO rastreie a sua página externa. URL não canónico: o seu URL externo não corresponde ao URL canónico dessa página. Para resolver esse erro, clique em Substituir com URL canônica . Se o seu URL externo não devolver um estado de validação depois de cinco minutos, contacte o Suporte da HubSpot . SEO",https://knowledge.hubspot.com/pt/seo/validate-an-external-url-in-the-seo-tool
1665,Embed CTAs (legacy) on your external site,"HubSpot legacy CTAs can be used on both HubSpot and non-HubSpot pages. Use HubSpot CTAs on your external site to attract and convert leads. Before embedding CTAs (legacy) on your external site, ensure that the HubSpot tracking code is installed on your pages . Please note: accounts created after March 17th, 2025, do not have access to the CTA (legacy) tool. Before you get started Before adding a CTA (legacy) on your external site, please note the following: CTAs that are embedded on your external website will automatically update globally when a change has been made to the content, text, or general design of the CTA. Due to differences in content management systems (CMS), the steps to access your site's HTML code and embed the CTA (legacy) code can differ. If you're not sure how to access the HTML code of your site or embed an external code, email this article to your webmaster, IT department, or technical resource. If you're embedding a CTA on a WordPress site, please take note of the following: If you are embedding a CTA on your WordPress site, you may need to apply additional CSS declarations within your external stylesheet to make the CTA responsive. If you notice your CTA not working in WordPress or the embed code being altered when you view the live page, you may need to insert the CTA using a plugin to make sure the embed code stays intact. If you're using the latest version of Gutenberg, which removes inline JavaScript, use the Inline JS Block for Gutenberg plugin to embed forms and CTAs onto your page. Embed a CTA (legacy) on your external site To embed a button CTA on your external site: In your HubSpot account, navigate to Marketing > CTAs . In the top left, click the dropdown menu and select CTAs (Legacy) . On the CTAs (legacy) dashboard, hover over a CTA and click Actions > Embed code . In the dialog box, click Copy . Navigate to your external website's content management system (CMS). Paste the CTA embed code into the HTML of your non-HubSpot page, wherever you want the CTA to appear. Preview your CTA on the webpage to check what it looks like when live. If the CTA does not display correctly, make sure that your external CMS has not altered the code that you copied. If you are using an image CTA, you may need to add additional styling to make sure the image CTA is responsive . When you're finished, publish your page. CTAs",https://knowledge.hubspot.com/ctas/embed-calls-to-action-cta-on-an-external-site
1666,Add calls-to-action (CTAs) to your content,"After creating your call-to-action (CTA) , you can add the CTA to both HubSpot and external pages. When configuring your CTA for external pages, the HubSpot tracking code must be installed. You can also add CTAs to your drag and drop marketing emails . How you add a CTA to a page depends on what type of CTA you've created: If you're using embedded CTAs, you can add a maximum of 100 embedded CTAs per page. Embedded CTAs can be used in the following ways: The default calls-to-action module in HubSpot pages The default button module in a marketing email A code snippet on your external website If you're using a sticky banner, pop-up box, or slide-in calls-to-action, you can either: Trigger the CTA to appear when a visitor clicks a button. Select one or more activation triggers , then set targets using the website's URL or visitor information. Once the first trigger is met, the CTA will appear on the targeted pages and for the specified visitors: Trigger on page scroll Trigger on exit intent Trigger after elapsed time Trigger after inactivity Add a CTA to your HubSpot content On your HubSpot pages, the tracking code is automatically installed. For most activation triggers , the CTA will appear when the first trigger is met. However, to use an embedded CTAs or CTA that is triggered when a visitor clicks a button, you will need to manually add the CTA. Add a CTA to a HubSpot page You can embed CTAs on pages hosted on HubSpot using the Call-to-action module. Navigate to your content: Website Pages : In your HubSpot account, navigate to Content > Website Pages . Landing Pages : In your HubSpot account, navigate to Content > Landing Pages . Click the name of your content. In the content editor, click the + Add button in the left sidebar. In the sidebar editor, search for and click the Call-to-action module , then drag it into position onto the page. In the CTA section, click Select . Add a CTA to a HubSpot blog post In your HubSpot account, navigate to Content > Blog . Click the name of your post. In the content editor, click the rich text module to customize its content. In the rich text toolbar, click Insert > Call-to-action . In the right panel, click the CTAs tab. Select a CTA to insert, then click Insert . In the left panel, click Apply changes . The selected CTA will now display in your rich text editor and on your preview. Trigger your CTA on button click in HubSpot You can trigger your sticky banner, pop-up box, or slide-in CTA when visitors click a button on a page. To set up this trigger using a default button module on a HubSpot page: Navigate to your content: Website Pages : In your HubSpot account, navigate to Content > Website Pages . Landing Pages : In your HubSpot account, navigate to Content > Landing Pages . Click the name In the left panel, in the Add tab, search for and select the default button module . Click and drag the button module onto your page. In the left panel, click the Link to dropdown menu and select CTA . Click the CTA dropdown menu and select an existing CTA . Continue setting up your button module. Add an embedded CTA to your drag and drop marketing emails Add embedded CTAs to your drag and drop marketing emails and track the effectiveness of your CTA offer across multiple touchpoints. To add a CTA in the drag and drop email editor : In your HubSpot account, navigate to Marketing > Email . Hover over the email that you want to add the CTA to, then click Edit . Or create a new email . In the left panel, click and drag the Button module into the email editor. In the left panel, click the Link to dropdown menu. Then, select CTA . Under the CTA field , click Select . In the right panel, select a CTA to insert, then click Insert . Please note: only a single button or image is supported when creating or selecting a CTA for your email. CTAs with multiple elements, such as a button and an image cannot be used. Customize a theme's buttons to trigger your CTA on button click If you're using a custom theme in HubSpot, you may need to customize the theme's button module to trigger a CTA. If you're editing a default theme, they must be cloned first. Themes purchased from the Asset Marketplace cannot be cloned; it's recommended to create a child theme instead. To customize your theme's button module: In your HubSpot account, navigate to Content > Design Manager . In the top left, search for your button module . In the right panel, hover over Button (Field group) and click Edit . Under Grouped fields, hover over URL (URL) and click Edit . Click the Supported URL types dropdown menu. Then, select the CTA checkbox. In the top right, click Publish changes . After publishing your changes, the CTA option should appear when using the theme button module on your pages. Add a CTA to your external content You can add CTAs to your external pages. Before using a HubSpot CTA on your external website, you must install the HubSpot tracking code . After installing the tracking code, for most activation triggers , the CTA will appear when the first trigger is met. However, to use an embedded CTAs or CTA that is triggered when a visitor clicks a button, you will need to manually add the CTA. Embed a CTA on your external website To add an embedded CTA to your external pages: In your HubSpot account, navigate to Marketing > CTAs . In the top left, click the dropdown menu and select CTAs . Hover over a CTA and click Actions > Embed . Click copy to clipboard to copy the CTA code to your clipboard. Navigate to your external website's content management system (CMS). Paste the CTA embed code into the HTML of your non-HubSpot page, wherever you want the CTA to appear. Preview your CTA on the webpage to check what it looks like when live. If the CTA does not display correctly, check that your external CMS has not altered the code. When you're finished, publish your page. Generally, editing the CTA will not affect its embed code. For example, editing the Open link in new tab option will not change the target=""_blank"" attribute in the embed code. The embed code snippet acts as a placeholder before the iframe version of the CTA is rendered. This rendered version of the CTA will reflect the correct Open in new tab value set in the editor. To open a link in the same window in the placeholder, users can manually change the target attribute tag to target=""_self"" . Trigger a CTA on button click on your external website Before using a CTA on your external website, you must install the HubSpot tracking code . To set up your trigger on an external page: In your HubSpot account, navigate to Marketing > CTAs . In the top left, click the dropdown menu and select CTAs . Hover over a CTA and click Edit . At the top, click the Targeting tab. Under the Trigger on button click section, click Code snippet . In the dialog box, click Copy . Paste the embed classes into your button on your external website. If you're not sure how to add CSS classes to the buttons on your site, you may need to work with your webmaster, IT department, or developer. CTAs",https://knowledge.hubspot.com/ctas/add-ctas-to-your-emails
1667,O HubSpot Sales solicita o login sempre que o Outlook no desktop for aberto,"Se descobriu que precisa de iniciar sessão no HubSpot Sales sempre que abre o Outlook no ambiente de trabalho do Windows, terá de fazer alterações na configuração da Internet nas definições do ambiente de trabalho. Observação: essas etapas se aplicam ao complemento do HubSpot Sales Outlook desktop. Se você tiver o complemento do HubSpot Sales Office 365, siga as etapas de solução de problemas do para esse complemento. Abra o Painel de controle no seu dispositivo Windows, use a barra de busca para procurar e selecione Opções da Internet . Na caixa de diálogo Opções da Internet , clique na guia Segurança . Selecione o ícone de Sites confiáveis . Clique no botão Sites . Adicione cada uma das URLs a seguir ao campo Adicionar esse site à zona , uma por vez. Clique em Adicionar após inserir cada um: https://dl.getsidekick.com https://app.getsidekick.com https://app.hubspot.com Depois de adicionar todas as três URLs, clique em Fechar . Na seção Nível de segurança para esta zona , defina a configuração de segurança como Baixa . Em seguida, clique na guia Privacidade e em Avançado . Selecione o botão de opção Aceitar para os cookies Primários e De terceiros (se as opções estiverem esmaecidas, marque a caixa de seleção Substituir o tratamento automático de cookies ). Marque a caixa de seleção Sempre permitir cookies de sessão . Clique em OK . Clique em Aplicar . Tente iniciar sessão no complemento do Outlook Desktop novamente. Connected Email",https://knowledge.hubspot.com/pt/connected-email/hubspot-sales-prompts-login-every-time-outlook-on-desktop-is-opened
1668,Gerencie o orçamento da sua campanha,"Depois configurando sua campanha , é importante controlar o orçamento e os gastos da sua campanha. Você pode revisar listas detalhadas e valores totais da campanha. Por padrão, esses valores serão exibidos na moeda da campanha selecionada. As métricas a seguir também estarão disponíveis após a adição de itens individuais de orçamento e gastos de campanha. Você também pode acompanhar o Total do orçamento e Gasto total na parte superior da página de detalhes da campanha. Total do orçamento: a soma de todos os itens do orçamento da campanha. Total de gastos: a soma de todos os itens de gastos da campanha. Orçamento remanescente: o valor restante do orçamento, calculado a partir do Total do orçamento menos o Gasto total . Adicionar novo orçamento de campanha ou itens de gastos de campanha Para adicionar um novo item ao orçamento ou aos gastos da campanha: Na sua conta da HubSpot, navegue até Marketing > Campanhas . Clique no Nome da campanha . Na parte superior, clique no Orçamento aba. Clique Criar item de orçamento ou Criar item de gasto . No painel direito, configure os detalhes do seu item: Nome: insira o nome do seu item. Descrição: insira uma descrição para o seu item. Preço unitário: insira o preço unitário do seu item. Por padrão, isso será definido na moeda da sua campanha. Depois de configurar seu item, clique em Salvar ou Salve e adicione outro . Gerencie o orçamento da campanha existente ou os itens de gastos da campanha Para revisar e gerenciar seus itens de gastos: Na sua conta da HubSpot, navegue até Marketing > Campanhas . Clique no Nome da campanha . Na parte superior, clique no Orçamento aba. Para reorganizar os gastos da campanha ou os itens do orçamento da campanha, em cada seção, clique e arraste o item para reordenar o item. Para editar os detalhes de um item, clique em Ação e selecione Editar . Para excluir um item, clique em Ação e selecione Excluir . Sincronize o orçamento de anúncios e os dados de gastos Se você associou algum campanhas publicitárias com sua campanha, todos os dados de orçamento e gastos serão sincronizados automaticamente com sua campanha. Para revisar os gastos com anúncios sincronizados e os dados de orçamento das suas campanhas: Na sua conta da HubSpot, navegue até Marketing > Campanhas . Clique no nome de uma campanha Na parte superior, clique no Orçamento aba. Todas as campanhas publicitárias com dados de orçamento sincronizados aparecerão como linhas na Orçamento de Campanha e Gastos de campanha tabelas. O descrição coluna para esses itens será definido como Campanha publicitária . Para fazer edições nesses itens de orçamento sincronizados, você pode fazer alterações diretamente na campanha publicitária. Essas alterações serão sincronizadas automaticamente com a ferramenta de campanhas. Observe: se você usar uma moeda diferente para suas campanhas publicitárias, seus gastos e orçamento serão automaticamente convertidos e exibidos usando a moeda de sua campanha. Se nenhuma moeda tiver sido definida para sua campanha, seus gastos e orçamento com publicidade serão convertidos para usar seu moeda padrão da conta . Campaigns",https://knowledge.hubspot.com/pt/campaigns/manage-your-campaign-budget
1669,Create and manage products,"Create a product library of the goods and services you sell, then associate them with individual deals. With products, you can easily track what you're selling to your customers. When you associate a product to a deal , quote , invoice , or payment link , you are adding a line item , which is one instance of that product. Review the differences between a product and a line item: Please note: the default association limit is 50,000 deals per product record . If reaching this limit, lists and workflows using the product association filter, will no longer update or trigger. Learn more about product to deal associations . Product: a product is a good or service that you sell. You can create and manage products in the product library. Line items: when you associate a product with a deal record, quote, invoice, or payment link, you are associating one instance of that product as a unique line item. The line item is no longer connected to the product, and any updates to the original product's information in the product library will not apply to the line items that are already associated with your records. Please note: any user that has access to the respective objects, can view and edit line items on a deal, quote, invoice, or payment link, but they must have Create custom line items permissions to create new custom line items. To create and edit products in the product library, you must be a user with Manage product library permissions Learn more about viewing and editing line items in the line item editor . Create a product You can import multiple products , or create an individual product: In your HubSpot account, navigate to Commerce > Products . In the upper right, click Create product . Or, to import multiple products, click Import . In the right panel, customize your product details. To customize the properties that appear , click Edit this form at the top.: Name: enter a name for the product or service. SKU: if you use different SKUs to identify and track your products or services, enter a name for the SKU. Each product must have a unique SKU. Description: enter a description of the product, such as product features, additional options, or measurements. Product Type: select a product type to categorize your product library. This field is especially crucial to ensure your products sync correctly with other apps , such as Netsuite. Inventory: a physical product that you keep in-stock. Non-inventory: a physical product that you don't keep in stock. Service: a non-physical product. Image Url: enter an image URL , or click Select image to select a previously uploaded image from your file manager. The image itself will not render but you can include the link to the file for quick access. URL: if you store your products somewhere outside of HubSpot, such as Shopify, you can enter the page URL that links to that other location. Price [currency]: enter the product's value in your account's currency. Billing frequency: select how often you will bill your contacts for the product or service. Unit cost: enter the cost per unit , then HubSpot calculates the margin based on everything you sell, so you can understand how much money you're making per sale. Multi currency prices: if you're using multiple currencies in your account, you will need to manually enter the price for each corresponding currency in the specified fields. Term: enter a term length in months. Other custom properties: in addition to the above default properties, any custom product properties that you've created will appear in the sidebar. Click Save , or click Save and add another to create an additional product. Please note: you can add a discount value for your product from the line items editor . Manage products On the products index page, you can view and filter your products, along with editing, cloning, deleting, and more. To. manage existing products: In your HubSpot account, navigate to Commerce > Products . To sort products, click the respective column header . To filter the products that are displaying, click Advanced filters . The filters can be used to create customized views to be used individually, or shared with team members. Learn more about filtering records and saving views . To reorder the table, click the dragHandle drag handle and drag the columns to the desired location. To add or remove table columns, click Edit columns in the top right of the table. To edit a product: Click the product name or hover the product and click Preview. Update its details in the right sidebar, then click Save . To update multiple products at once: Select the checkboxes next to the products. At the top of the table, click Edit . In the dialog box, click the dropdown menu and select the property that you want to update. Then, set the new property value and click Update . To clone a product, click the product name or hover the product and click Preview , then click Actions and select Clone . To delete a product: Select the checkboxes next to the products. At the top of the table, click Delete . In the dialog box, confirm the number of products to delete, then click Delete . To restore products that have been deleted in the past 90 days , click Actions in the upper right, then select Restore records . The recycle bin will open in a new browser tab or window. Learn more about restoring records . To export a spreadsheet containing your products: Click Export in the top right of the table. In the dialog box, select the File format, properties to include in the export , and the Export language . Then, click Export . Learn more about exporting records. Product to deal associations How products are associated to deals Products can be associated to deals, to then filter lists and workflows. Products can be associated to deals in the following ways: When adding a line item to a deal (excludes custom line items). Toggling the Create a new deal for each payment switch on for payment links. When creating a quote . Using custom coded workflow actions . Using the associations API . Via an integration. Association limits The default association limit is 50,000 deals per product record . To see how many product to deal associations exist in your account: In your HubSpot account, navigate to Data Management > Data Model . Click the Limits tab. In the left sidebar menu, click Associations . Associations above 80% of their limit will display. Click View all to view the individual records on a filtered index page. If reaching this limit, lists and workflows using the product association filter will no longer update or trigger. In these cases, you can either: Change your list or workflow to filter on line items instead of products. Create a new product in your library and use this product moving forward (e.g., if you were selling t-shirts, and your existing product was called T-shirt , you could add a new product called T-shirt 2025). products",https://knowledge.hubspot.com/products/how-do-i-use-products
1670,Resolver problemas com RSS e e-mails de subscrição de blogues,"Se tiver problemas de envio depois de configurar e-mails de subscrição de blogues RSS ou , ou se a frequência de um e-mail de notificação para os seus subscritores de blogues não corresponder ao que espera, tente seguir os passos de resolução de problemas abaixo. A republicação de uma publicação de blogue não acciona um novo e-mail de notificação Depois de configurar e-mails de subscrição de blogues diários, semanais ou mensais , cada publicação de blogue do blogue associado será enviada apenas uma vez através de cada e-mail de notificação que configurou. Fazer alterações a uma publicação de blogue publicada, como atualizar a data de publicação, irá não incluir a publicação em futuros envios de correio eletrónico nos casos em que já tenha sido incluída num correio eletrónico de notificação enviado anteriormente. Se pretender partilhar o mesmo conteúdo de um e-mail de notificação depois de este já ter sido enviado, deve clonar o post do blogue que accionará um novo e-mail de notificação. O correio eletrónico de notificação do blogue não é enviado O e-mail de notificação do blogue incluirá quaisquer novos posts desde o último e-mail de subscrição do blogue, até ao número máximo que configurou. Por exemplo, para um e-mail semanal, o HubSpot incluirá todos os novos posts de blogue publicados nos últimos 7 dias. Se não tiverem sido publicadas novas publicações no blogue, não será enviada qualquer mensagem de correio eletrónico. Datas de publicação de posts de blogue atrasadas O HubSpot usa a data de publicação definida em cada post de blog para determinar se deve ser incluído em um e-mail de notificação. Se a data de publicação de um post de blogue tiver uma data de publicação retroactiva fora do intervalo de tempo do último e-mail de notificação, não accionará um envio. Para as mensagens de correio eletrónico de notificação instantânea, atrasar a data de publicação em 30 minutos ou mais impedirá o envio de uma mensagem de correio eletrónico de notificação. Erros de formatação e de alimentação RSS A ferramenta de correio eletrónico verifica automaticamente o URL do feed RSS para garantir a formatação correcta. Se vir uma mensagem de erro depois de adicionar o URL do feed RSS, resolva o problema do feed utilizando os recursos abaixo. Passos comuns para a resolução de problemas Os e-mails RSS da HubSpot exigem um feed que seja W3C válido . Pode verificar a sintaxe do URL do seu feed RSS utilizando o validador no sítio Web do W3C . Depois de confirmar que o seu feed é válido, certifique-se de que existe um Guid único para cada item de entrada de publicação para evitar o risco de envios duplicados. Se vir um aviso no seu editor de e-mail do HubSpot sobre Campos em falta , certifique-se de que o feed está formatado e aninhado corretamente, conforme ilustrado no exemplo abaixo. Os campos Title e Link são obrigatórios para que o feed seja tratado como válido. Exemplo de formatação RSS válida A lista abaixo apresenta um exemplo de formatação válida para cada campo. Dependendo do formato do feed, cada campo (por exemplo, resumo, ligação, título, publicado e autor) pode ter origem em diferentes nós do xml. Autor /atom10:feed /pt/atom10:entrada /pt/atom10:autor /atom03:feed /pt/atom03:entrada /pt/atom03:autor /rss/pt/channel/pt/item/pt/author /rss/pt/channel/pt/item/pt/author /rss/pt/channel/pt/item/pt/dc:autor /rss/pt/channel/pt/itunes:autor /rdf:rdf /pt/rdf:item /pt/rdf:criador /rdf:rdf /pt/rdf:item /pt/rdf:autor Resumo /atom10:feed/atom10:entry/atom10:summary /atom03:feed/atom03:entry/atom03:summary /rss/channel/item/description /rss/channel/item/dc:description /rdf:RDF/rdf:item/rdf:description /rdf:RDF/rdf:item/dc:description Publicado (no fuso horário da sua conta ) /atom10:feed/atom10:entry/atom10:published /atom03:feed/atom03:entry/atom03:issued /rss/channel/item/dcterms:issued /rss/channel/item/pubDate /rdf:RDF/rdf:item/dcterms:issued Ligação (campo obrigatório) /atom03:feed/atom03:entry/atom03:link[@rel=_ѝalternate_ѝ]/@href /atom10:feed/atom10:entry/atom10:link[@rel=_ѝalternate_ѝ]/@href /atom10:feed/atom10:entry/atom10:link[not(@rel)]/@href /rdf:RDF/rdf:item/rdf:link /rss/channel/item/link Título (campo obrigatório) /atom03:feed/atom03:entry/atom03:title /atom10:feed/atom10:entry/atom10:title /rdf:RDF/rdf:item/dc:title /rdf:RDF/rdf:item/rdf:title /rss/channel/item/dc:title /rss/canal/item/título Exemplo de feed de blogue válido da HubSpot: Nota: Se não conseguir identificar o problema utilizando os recursos acima e continuar a ter problemas com o envio do e-mail RSS, inicie uma discussão na Comunidade ou contacte o Suporte . Conclua seu e-mail e envie-o quando estiver pronto. Email",https://knowledge.hubspot.com/pt/marketing-email/why-didnt-my-rss-email-send
1671,Os vídeos do HubSpot não estão sendo reproduzidos,"Ao ter problemas de carregamento ou reprodução com vídeos no conteúdo do HubSpot, conclua as seguintes etapas de solução de problemas: Fechar e abrir seu navegador. Atualizar a página onde ocorreram problemas de vídeo. Limpe a cache do seu browser e actualize a página novamente. Desative todos os bloqueadores de anúncios usados em seu navegador e reinicie-o. Os bloqueadores de anúncios podem impedir a reprodução de vídeos. Se o vídeo estiver a ser reproduzido de forma intermitente, diminua a qualidade clicando no ícone de definições settings para ajudar a transmitir mais rapidamente. Desative quaisquer extensões ou plugins e teste novamente o vídeo em seu navegador. Algumas extensões ou plug-ins podem contribuir para erros de reprodução de vídeo. Carregue os vídeos em outra rede. Se o problema persistir e tiver acesso ao Suporte da HubSpot , visite whatsmybrowser.org e envie a hiperligação fornecida no seu pedido de ajuda. Se o vídeo fizer parte de uma lição ou faixa da HubSpot Academy, contacte a HubSpot Academy . Help & Resources",https://knowledge.hubspot.com/pt/help-and-resources/what-should-i-do-if-hubspot-videos-are-not-playing
1672,Default marketing statuses for newly created contacts,"If your account has access to marketing contacts , every newly created contact in your HubSpot account will have a marketing contact status. When you first purchase a Marketing Hub subscription, or gain access to marketing contacts, all of your existing contacts will be set to non-marketing by default. For new contacts, each HubSpot tool that creates contacts sets a default value for the Marketing contact status property. For most tools, the default cannot be customized, but certain tools can be customized to set the default value you want. Defaults that cannot be customized The default value set in the Marketing contact status property for these tools cannot be changed. By default, the following contacts will be initially set as non-marketing: Contacts created in a multiple object import Contacts created in the HubSpot mobile app Contacts created through logging one-to-one emails Contacts created through emails sent to a connected team email Contacts created through document opens Contacts created in the meetings tool through using a meetings link Contacts created through HubSpot email extensions: Chrome , Outlook , and Office 365 If you want to market to these contacts, you can set them as marketing after they’re created. Customize default marketing contact status for certain tools For certain tools, you can change which marketing contact status is set for newly created contacts. The default value set for the Marketing contact status property can be customized within the following tools. Chatflows The chatflows tool, both live chats and bots , by default will set contacts as non-marketing. For each individual live chat or bot, you can set the default marketing contact status of a newly created contact via the chatflow. In your HubSpot account, navigate to Automations > Chatflows . Click the chatflow you want to set the default for. Click the Options tab. In the Marketing contacts section, the Set contacts created as marketing contacts switch is toggled off by default. If you want contacts created from this chatflow to be set as marketing contacts, click to toggle the switch on . Click Save . HubSpot forms The HubSpot forms tool will set contacts as marketing by default. For each individual HubSpot form, you can set the default marketing contact status of contacts that submit the form. When the setting is turned on, any existing non-marketing contact that submits a HubSpot form will also be updated to a marketing contact, regardless of how they were originally created. In your HubSpot account, navigate to Marketing > Forms . Click the form you want to set the default for. If it's a live form, once you click the form, click Edit in the upper right. Click the Options tab. The Set contacts created as marketing contacts switch is toggled on by default. If you want contacts created from the form to be set as non-marketing contacts, click to toggle the switch off . To take the form live, or update the existing live form, click the Preview tab and in the upper right, click Publish. Non-HubSpot forms Non-HubSpot forms by default will set contacts as marketing. You can set the default marketing contact status for contacts created by all non-HubSpot forms. When the setting is turned on, any existing non-marketing contact that submits a non-HubSpot form will also be updated to a marketing contact, regardless of how they were originally created. In your HubSpot account, click the settings settings icon in the top navigation bar. In the left sidebar menu, navigate to Marketing > Forms . Click the Non-HubSpot Forms tab. By default, the Set new contacts created through non-HubSpot forms as marketing contacts switch will be turned on. Click to toggle the switch off to set the default marketing contact status of these created contacts as non-marketing . Single object contact import The import tool sets contacts as non-marketing by default. If you’re completing a multi-object or multi-file import, the import tool will always set the contacts as non-marketing . When creating contacts via a single object import , you can set the contacts in the file as marketing contacts. Learn how to set contacts as marketing via a single object import . Integrations or API Any integration or API by default will set contacts as n on-marketing . Learn how you can customize each integration's or API's default setting for marketing contacts . CRM records",https://knowledge.hubspot.com/records/default-marketing-statuses-for-created-contacts
1673,Crie relatórios de funil personalizados (BETA),"Analise as taxas de conversão entre estágios com relatórios de funil personalizados. Você pode escolher entre estágios do ciclo de vida ou pipelines de negócios. Observe: a seguinte funcionalidade está atualmente em beta. Para acessar o beta a superadministrador na conta precisa navegar até o construtor de funil e clicar Obtenha acesso antecipado ao novo criador de funil no canto inferior esquerdo. Saiba mais sobre como optar por betas . Contatos, negócios ou funil da empresa Você pode criar um relatório de funil para visualizar como os contatos, empresas ou negócios estão se movendo vida útil ou estágios do acordo ao longo do tempo. Para criar um relatório de contatos, negócios ou funil de empresas: Na sua conta da HubSpot, navegue até Relatórios > Relatórios . No canto superior direito, clique em Criar relatório . Selecione Funis . Selecione uma fonte de dados: Contatos: mede como os contatos estão se movendo através de seus respectivos estágios do ciclo de vida. Empresas: mede como as empresas estão se movendo através de seus respectivos estágios do ciclo de vida. Ofertas: mede como os negócios estão avançando em seus respectivos estágios. No painel esquerdo, clique e arraste Passos para o Estágio [X] seção. Passe o mouse sobre o palco para ver uma descrição. Você pode adicionar até quinze estágios que levam a uma meta ou ponto de conversão. Para tornar uma etapa opcional, passe o mouse sobre a etapa e selecione Marcar estágio como opcional .  Um contato, empresa ou negócio não precisará passar por esse estágio específico para continuar no relatório de funil. Se um contato, empresa ou negócio chegar ao último estágio, ele será incluído na taxa de conversão total. A primeira e a última etapa não podem ser opcionais. Quando terminar de configurar seu palco, no canto superior direito, clique em Executar relatório para exibir seus dados no painel direito. Use os filtros na parte superior para filtrar seus dados: Contatos (fonte de dados de contatos): visualize todos os contatos ou filtre por listas de contatos e propriedades. Empresas (Fonte de dados da empresa): veja todas as empresas ou filtre por listas de empresas e propriedades. Ofertas (fonte de dados de ofertas): visualize todas as ofertas ou filtre por listas de ofertas e propriedades. Período: as datas em que as atividades ocorreram. Observação:o filtro de intervalo de datas filtrará dados no relatório pela data da atividade (pontos de contato ou eventos), não pela data em que o contato ou negociação foi criado. Por exemplo, se um relatório de funil Fechada tiver o Estágio 1: Descoberta , Estágio 2: o intervalo de datas for de 90 dias , uma negociação criada há 6 meses aparecerá no relatório de funil se tiver passado por esses dois estágios nos últimos 90 dias. Reports BETA",https://knowledge.hubspot.com/pt/reports/create-new-custom-funnel-reports
1674,Make changes to a global module in only one template,"To edit a single instance of your global module , you can make a local copy of the module on a particular template. Please note: You can only make local copies of individual global modules, not global groups. This process is only available for drag and drop templates that use the layout editor. In your HubSpot account, navigate to Content > Design Manager . In the left pane, locate and click your template . Click the global module to make changes to on this template. In the right inspector pane, click the More dropdown menu and select Make a local copy . Click Make a local copy . This creates a copy of your module and so you can make changes to the module that only appear in the template you are editing. Customize your module as needed. Click Publish changes to take your changes live. Design Manager",https://knowledge.hubspot.com/design-manager/make-changes-to-a-global-module-in-only-one-template
1675,Update the WhatsApp consent status of your contacts in bulk (BETA),"If you’ve connected a WhatsApp Business account to HubSpot, you can manage the WhatsApp consent status for multiple contacts in bulk on the contacts index page. This allows you to expedite management of opt-in consent and subscription information for your contacts, especially if you’ve previously been using another WhatsApp integration and you want to migrate over the associated subscription statuses from your previous provider. Learn more about WhatsApp consent and other ways to manage opt-in status in this article . Edit opt-in consent statuses in bulk: To edit the WhatsApp subscription statuses of your contacts: In your HubSpot account, navigate to CRM > Contacts . Select the contacts you want to edit. You can apply a view to your tahble to filter for specific contacts. To select specific contacts, select the checkboxes next to the associated contacts. To select all contacts, select the checkbox in the top left of the table. At the top of the table, click More , the select + Edit communication subscriptions . In the right panel, select WhatsApp , then click Next . Select Opt in or Opt out , depending on whether you want to subscribe or unsubscribe the contact to receive WhatsApp messages from your business. Select a legal basis for updating the consent status. Provide an explanation for the legal basis update. Click Finish . BETA Inbox",https://knowledge.hubspot.com/inbox/edit-the-whatsapp-consent-status-of-your-contacts-in-bulk
